{"Limit": 0, "kls": 1, "klr": 5, "gs": 5, "gr": 5, "Ps": 83.02, "PAl": 72.25, "Pss": 66.02, "Pp": 56.8, "stator_losses": {"vs": [-58, -46, -34, -22, -10, 2, 14, 26, 38, 50, 62], "psv": [0.518975, 1.291872, 40.568705, 1.671438, 7.209332, 0.192164, 1.693138, 1.46057, 27.220833, 0.61717, 0.576035], "palv": [0.304575, 0.847593, 30.730437, 1.550224, 9.448388, 4.396558, 2.226306, 1.35688, 20.642181, 0.405257, 0.338286]}, "rotor_losses": {"vr": [-198, -186, -174, -170, -162, -158, -150, -146, -142, -138, -134, -130, -126, -122, -118, -114, -110, -106, -102, -98, -94, -90, -86, -82, -78, -74, -70, -66, -62, -58, -54, -50, -46, -42, -38, -34, -30, -26, -22, -18, -14, -6, -2, 6, 10, 18, 22, 26, 30, 34, 38, 42, 46, 50, 54, 58, 62, 66, 70, 74, 78, 82, 86, 90, 94, 98, 102, 106, 110, 114, 118, 122, 126, 130, 134, 138, 142, 146, 150, 154, 162, 166, 174, 178, 190, 202], "pssv": [0.0, 0.0, 0.037791, 0.0, 0.0, 0.0, 0.0, 0.035034, 0.0, 2.46381, 0.0, 0.0, 0.0, 0.0, 0.030503, 0.0, 3.327995, 0.0, 0.016595, 0.0, 0.0, 0.024342, 0.0, 4.685735, 0.0, 0.01322, 0.0, 0.0, 0.017048, 0.0, 7.229202, 0.0, 0.00864, 0.0, 0.0, 0.0, 0.0, 12.974764, 0.0, 0.003262, 0.0, 0.000856, 0.0, 3e-06, 0.003683, 1e-06, 0.007632, 0.0, 16.389582, 0.0, 0.0, 0.0, 0.0, 0.014687, 0.0, 7.751644, 0.0, 0.015713, 0.0, 0.0, 0.020346, 0.0, 4.888091, 0.0, 0.021099, 0.0, 0.0, 0.024542, 0.0, 3.420282, 0.0, 0.025462, 0.0, 0.0, 0.0, 0.0, 2.507012, 0.0, 0.028681, 0.0, 0.0, 0.0, 0.0, 0.03053, 0.0, 0.0], "ppv": [0.0, 0.0, 0.004924, 0.0, 0.0, 0.0, 0.0, 5.6e-05, 0.0, 0.148987, 0.0, 0.0, 0.0, 0.0, 0.00642, 0.0, 0.394295, 0.0, 0.000256, 0.0, 0.0, 0.002173, 0.0, 1.387057, 0.0, 0.006082, 0.0, 0.0, 0.00543, 0.0, 0.486499, 0.0, 0.000323, 0.0, 0.0, 0.0, 0.0, 27.65044, 0.0, 0.010125, 1e-06, 0.002507, 0.0, 7e-06, 0.009971, 3e-06, 0.018825, 0.0, 23.698937, 0.0, 0.0, 0.0, 0.0, 3.2e-05, 0.0, 1.411129, 0.0, 0.006434, 0.0, 0.0, 0.007861, 0.0, 0.889593, 0.0, 0.000504, 0.0, 0.0, 0.00145, 0.0, 0.583671, 0.0, 0.005543, 0.0, 0.0, 0.0, 0.0, 0.052418, 0.0, 0.000116, 0.0, 0.0, 0.0, 0.0, 0.003343, 0.0, 0.0]}, "stator_fluxes": {"vs": [-58, -46, -34, -22, -10, 2, 14, 26, 38, 50, 62], "Bs": [0.029641, 0.052051, 0.334271, -0.081823, -0.22876, 5.09025, 0.132039, 0.083425, 0.290107, -0.03757, -0.032329]}, "rotor_fluxes": {"vr": [-198, -186, -174, -170, -162, -158, -150, -146, -142, -138, -134, -130, -126, -122, -118, -114, -110, -106, -102, -98, -94, -90, -86, -82, -78, -74, -70, -66, -62, -58, -54, -50, -46, -42, -38, -34, -30, -26, -22, -18, -14, -6, -2, 6, 10, 18, 22, 26, 30, 34, 38, 42, 46, 50, 54, 58, 62, 66, 70, 74, 78, 82, 86, 90, 94, 98, 102, 106, 110, 114, 118, 122, 126, 130, 134, 138, 142, 146, 150, 154, 162, 166, 174, 178, 190, 202], "Br": [-1e-06, 3e-06, 0.00449, -2e-06, -4e-06, 4e-06, -7e-06, 0.004731, -2e-06, 0.040838, -6e-06, 5e-06, 5e-06, -9e-06, 0.004926, 8e-06, 0.053365, -7e-06, 0.003919, 7e-06, -1.3e-05, 0.005067, 1.1e-05, 0.073817, -1.3e-05, 0.004139, 1e-05, -1.8e-05, 0.005163, 2.2e-05, 0.1145, -2.1e-05, 0.004318, 1.8e-05, -3.3e-05, -2e-05, 3.2e-05, 0.230822, -9e-06, 0.004571, 5.1e-05, 0.00545, 0.00046, -0.000171, 0.0048, -6.7e-05, 0.005133, -1.2e-05, 0.208399, -3.1e-05, 2e-05, 1.8e-05, -2.7e-05, 0.004959, 1.7e-05, 0.106343, -1.3e-05, 0.004507, 1e-05, -1.6e-05, 0.004739, 1.1e-05, 0.070126, -1.1e-05, 0.004416, 7e-06, -1.1e-05, 0.004495, 1.1e-05, 0.051241, -8e-06, 0.004279, 5e-06, -9e-06, -5e-06, 8e-06, 0.039444, -1e-06, 0.004108, 4e-06, -4e-06, 6e-06, -1e-06, 0.003899, -3e-06, -1e-06]}}