{"Limit": 5, "Ps": 84.52690509025567, "PAL": 72.85017610813105, "Pss": 66.02189439978162, "Pp": 56.7960015528862}